file,config,workload,input_tokens,output_tokens,concurrency,repetition,tp,spec,cpu_offload_gb,temperature,num_prompts,duration,completed,failed,request_throughput,output_throughput,total_token_throughput,mean_ttft_ms,median_ttft_ms,p50_ttft_ms,p99_ttft_ms,mean_tpot_ms,median_tpot_ms,p50_tpot_ms,p99_tpot_ms,mean_itl_ms,median_itl_ms,p50_itl_ms,p99_itl_ms,mean_e2el_ms,p50_e2el_ms,p99_e2el_ms,spec_decode_acceptance_rate,spec_decode_acceptance_length
parserfix-quick/raw/correctness_fixed.json,parserfix-quick,correctness_fixed,,,,,,,,0,,,8,0,,,,,,,,,,,,,,,,,,,,
parserfix-quick/raw/decode_in256_out256_c1_r1.json,v028-parserfix-mxfp4-dflash-k7,decode,256,256,1,1,2,on,0,0,4,9.316995415021665,4,0,0.4293229546459639,109.90667638936675,219.8133527787335,102.8959822433535,102.58539250935428,102.58539250935428,104.29973594204057,8.730434697160188,5.891127298088452,5.891127298088452,17.77048419037943,35.76323132981625,35.801485006231815,35.801485006231815,36.450976592022926,2329.156830019201,1604.8228535219096,4633.568481758702,44.75043029259897,4.132530120481928
parserfix-quick/raw/decode_in256_out256_c1_r2.json,v028-parserfix-mxfp4-dflash-k7,decode,256,256,1,2,2,on,0,0,4,5.627061676001176,4,0,0.7108505700336603,181.97774592861703,363.95549185723405,103.50696423847694,103.33853948395699,103.33853948395699,105.06290347257163,5.110412310779223,5.098691456905548,5.098691456905548,5.336740443428211,35.46001290432083,35.74872500030324,35.74872500030324,36.928918446647,1406.6621034871787,1403.5048609948717,1465.8791613782523,86.20019436345967,7.034013605442177
parserfix-quick/raw/decode_in256_out256_c2_r1.json,v028-parserfix-mxfp4-dflash-k7,decode,256,256,2,1,2,on,0,0,4,7.036421465978492,4,0,0.568470780117455,145.52851971006848,291.05703942013696,168.23522601043805,167.2089540224988,167.2089540224988,230.67640869761814,12.05881991373448,11.420046788293357,11.420046788293357,19.615598394661028,39.67740994187132,39.196304976940155,39.196304976940155,40.205808065366,3243.2343040127307,3081.3734290131833,5171.320963954203,32.94930875576037,3.306451612903226
parserfix-quick/raw/decode_in256_out256_c2_r2.json,v028-parserfix-mxfp4-dflash-k7,decode,256,256,2,2,2,on,0,0,4,5.940857764973771,4,0,0.6733034450990025,172.36568194534465,344.7313638906893,167.93531099392567,166.90637898864225,166.90637898864225,230.31779674405698,10.502471476530784,11.112863039278297,11.112863039278297,12.534261851555522,39.82350061717703,39.27783400285989,39.27783400285989,67.9310086858453,2846.0655375092756,2970.280730514787,3426.554568890715,40.201805629314926,3.8141263940520447
parserfix-quick/raw/decode_in256_out256_c4_r1.json,v028-parserfix-mxfp4-dflash-k7,decode,256,256,4,1,2,on,0,0,8,6.709207242005505,8,0,1.1923912485387251,305.25215962591363,610.5043192518273,251.25305300025502,238.96809000871144,238.96809000871144,355.9751439624233,11.771943260842532,8.755631415702988,8.755631415702988,25.2908677219016,48.61288571266952,47.115477034822106,47.115477034822106,136.48442061094102,3253.098584515101,2471.654101012973,6572.796529940096,45.228455754771545,4.165991902834008
parserfix-quick/raw/decode_in256_out256_c4_r2.json,v028-parserfix-mxfp4-dflash-k7,decode,256,256,4,2,2,on,0,0,8,7.366410971037112,8,0,1.0860105459027471,278.01869975110327,556.0373995022065,237.74975924607133,180.06646449794061,180.06646449794061,359.1930291062454,11.78444393721578,10.373531798056016,10.373531798056016,21.973955009876768,48.76321896947977,47.1561859594658,47.1561859594658,136.23664991464466,3242.7829632360954,2825.144800997805,5949.700849716319,45.667922341350334,4.196754563894523
parserfix-quick/raw/warmup_in128_out64_c1_r1.json,v028-parserfix-mxfp4-dflash-k7,warmup,128,64,1,1,2,on,0,0,2,1.0665875570266508,2,0,1.875139070228274,120.00890049460953,360.0267014838286,83.44679200672545,83.44679200672545,83.44679200672545,83.64638470171485,7.138557198073065,7.138557198073065,7.138557198073065,7.535527268117884,34.59458488326233,34.915385011117905,34.915385011117905,35.817848998703994,533.1758954853285,533.1758954853285,558.3846025931416,58.24175824175825,5.076923076923077
smoke/raw/smoke_in128_out64_c1_r1.json,v028-mxfp4-dflash-k7,smoke,128,64,1,1,2,on,0,0,2,0.8824135700124316,2,0,2.2665109286247986,145.0566994319871,435.17009829596134,74.32036750833504,74.32036750833504,74.32036750833504,74.70347253314685,5.821820468150286,5.821820468150286,5.821820468150286,6.238535002533657,28.213471883925827,28.264626016607508,28.264626016607508,28.748587501468137,441.09505700180307,441.09505700180307,467.73117769276723,58.24175824175825,5.076923076923077
tool-schema-gate/raw/001.json,tool-schema-gate,unknown,,,,,,,,,,,,,,,,,,,,,,,,,,,,,,,,
tool-schema-gate/raw/002.json,tool-schema-gate,unknown,,,,,,,,,,,,,,,,,,,,,,,,,,,,,,,,
tool-schema-gate/raw/003.json,tool-schema-gate,unknown,,,,,,,,,,,,,,,,,,,,,,,,,,,,,,,,
tool-schema-gate/raw/004.json,tool-schema-gate,unknown,,,,,,,,,,,,,,,,,,,,,,,,,,,,,,,,
tool-schema-gate/raw/005.json,tool-schema-gate,unknown,,,,,,,,,,,,,,,,,,,,,,,,,,,,,,,,
tool-schema-gate/raw/006.json,tool-schema-gate,unknown,,,,,,,,,,,,,,,,,,,,,,,,,,,,,,,,
tool-schema-gate/raw/007.json,tool-schema-gate,unknown,,,,,,,,,,,,,,,,,,,,,,,,,,,,,,,,
tool-schema-gate/raw/008.json,tool-schema-gate,unknown,,,,,,,,,,,,,,,,,,,,,,,,,,,,,,,,
tool-schema-gate/raw/009.json,tool-schema-gate,unknown,,,,,,,,,,,,,,,,,,,,,,,,,,,,,,,,
tool-schema-gate/raw/010.json,tool-schema-gate,unknown,,,,,,,,,,,,,,,,,,,,,,,,,,,,,,,,
tool-schema-gate/raw/011.json,tool-schema-gate,unknown,,,,,,,,,,,,,,,,,,,,,,,,,,,,,,,,
tool-schema-gate/raw/012.json,tool-schema-gate,unknown,,,,,,,,,,,,,,,,,,,,,,,,,,,,,,,,
tool-schema-gate/raw/013.json,tool-schema-gate,unknown,,,,,,,,,,,,,,,,,,,,,,,,,,,,,,,,
tool-schema-gate/raw/014.json,tool-schema-gate,unknown,,,,,,,,,,,,,,,,,,,,,,,,,,,,,,,,
tool-schema-gate/raw/015.json,tool-schema-gate,unknown,,,,,,,,,,,,,,,,,,,,,,,,,,,,,,,,
tool-schema-gate/raw/016.json,tool-schema-gate,unknown,,,,,,,,,,,,,,,,,,,,,,,,,,,,,,,,
tool-schema-gate/raw/017.json,tool-schema-gate,unknown,,,,,,,,,,,,,,,,,,,,,,,,,,,,,,,,
tool-schema-gate/raw/018.json,tool-schema-gate,unknown,,,,,,,,,,,,,,,,,,,,,,,,,,,,,,,,
tool-schema-gate/raw/019.json,tool-schema-gate,unknown,,,,,,,,,,,,,,,,,,,,,,,,,,,,,,,,
tool-schema-gate/raw/020.json,tool-schema-gate,unknown,,,,,,,,,,,,,,,,,,,,,,,,,,,,,,,,
tool-schema-gate/raw/021.json,tool-schema-gate,unknown,,,,,,,,,,,,,,,,,,,,,,,,,,,,,,,,
tool-schema-gate/raw/022.json,tool-schema-gate,unknown,,,,,,,,,,,,,,,,,,,,,,,,,,,,,,,,
tool-schema-gate/raw/023.json,tool-schema-gate,unknown,,,,,,,,,,,,,,,,,,,,,,,,,,,,,,,,
tool-schema-gate/raw/024.json,tool-schema-gate,unknown,,,,,,,,,,,,,,,,,,,,,,,,,,,,,,,,
tool-schema-gate/raw/025.json,tool-schema-gate,unknown,,,,,,,,,,,,,,,,,,,,,,,,,,,,,,,,
tool-schema-gate/raw/026.json,tool-schema-gate,unknown,,,,,,,,,,,,,,,,,,,,,,,,,,,,,,,,
tool-schema-gate/raw/027.json,tool-schema-gate,unknown,,,,,,,,,,,,,,,,,,,,,,,,,,,,,,,,
tool-schema-gate/raw/028.json,tool-schema-gate,unknown,,,,,,,,,,,,,,,,,,,,,,,,,,,,,,,,
tool-schema-gate/raw/029.json,tool-schema-gate,unknown,,,,,,,,,,,,,,,,,,,,,,,,,,,,,,,,
tool-schema-gate/raw/030.json,tool-schema-gate,unknown,,,,,,,,,,,,,,,,,,,,,,,,,,,,,,,,
tool-schema-gate-100/raw/001.json,tool-schema-gate-100,unknown,,,,,,,,,,,,,,,,,,,,,,,,,,,,,,,,
tool-schema-gate-100/raw/002.json,tool-schema-gate-100,unknown,,,,,,,,,,,,,,,,,,,,,,,,,,,,,,,,
tool-schema-gate-100/raw/003.json,tool-schema-gate-100,unknown,,,,,,,,,,,,,,,,,,,,,,,,,,,,,,,,
tool-schema-gate-100/raw/004.json,tool-schema-gate-100,unknown,,,,,,,,,,,,,,,,,,,,,,,,,,,,,,,,
tool-schema-gate-100/raw/005.json,tool-schema-gate-100,unknown,,,,,,,,,,,,,,,,,,,,,,,,,,,,,,,,
tool-schema-gate-100/raw/006.json,tool-schema-gate-100,unknown,,,,,,,,,,,,,,,,,,,,,,,,,,,,,,,,
tool-schema-gate-100/raw/007.json,tool-schema-gate-100,unknown,,,,,,,,,,,,,,,,,,,,,,,,,,,,,,,,
tool-schema-gate-100/raw/008.json,tool-schema-gate-100,unknown,,,,,,,,,,,,,,,,,,,,,,,,,,,,,,,,
tool-schema-gate-100/raw/009.json,tool-schema-gate-100,unknown,,,,,,,,,,,,,,,,,,,,,,,,,,,,,,,,
tool-schema-gate-100/raw/010.json,tool-schema-gate-100,unknown,,,,,,,,,,,,,,,,,,,,,,,,,,,,,,,,
tool-schema-gate-100/raw/011.json,tool-schema-gate-100,unknown,,,,,,,,,,,,,,,,,,,,,,,,,,,,,,,,
tool-schema-gate-100/raw/012.json,tool-schema-gate-100,unknown,,,,,,,,,,,,,,,,,,,,,,,,,,,,,,,,
tool-schema-gate-100/raw/013.json,tool-schema-gate-100,unknown,,,,,,,,,,,,,,,,,,,,,,,,,,,,,,,,
tool-schema-gate-100/raw/014.json,tool-schema-gate-100,unknown,,,,,,,,,,,,,,,,,,,,,,,,,,,,,,,,
tool-schema-gate-100/raw/015.json,tool-schema-gate-100,unknown,,,,,,,,,,,,,,,,,,,,,,,,,,,,,,,,
tool-schema-gate-100/raw/016.json,tool-schema-gate-100,unknown,,,,,,,,,,,,,,,,,,,,,,,,,,,,,,,,
tool-schema-gate-100/raw/017.json,tool-schema-gate-100,unknown,,,,,,,,,,,,,,,,,,,,,,,,,,,,,,,,
tool-schema-gate-100/raw/018.json,tool-schema-gate-100,unknown,,,,,,,,,,,,,,,,,,,,,,,,,,,,,,,,
tool-schema-gate-100/raw/019.json,tool-schema-gate-100,unknown,,,,,,,,,,,,,,,,,,,,,,,,,,,,,,,,
tool-schema-gate-100/raw/020.json,tool-schema-gate-100,unknown,,,,,,,,,,,,,,,,,,,,,,,,,,,,,,,,
tool-schema-gate-100/raw/021.json,tool-schema-gate-100,unknown,,,,,,,,,,,,,,,,,,,,,,,,,,,,,,,,
tool-schema-gate-100/raw/022.json,tool-schema-gate-100,unknown,,,,,,,,,,,,,,,,,,,,,,,,,,,,,,,,
tool-schema-gate-100/raw/023.json,tool-schema-gate-100,unknown,,,,,,,,,,,,,,,,,,,,,,,,,,,,,,,,
tool-schema-gate-100/raw/024.json,tool-schema-gate-100,unknown,,,,,,,,,,,,,,,,,,,,,,,,,,,,,,,,
tool-schema-gate-100/raw/025.json,tool-schema-gate-100,unknown,,,,,,,,,,,,,,,,,,,,,,,,,,,,,,,,
tool-schema-gate-100/raw/026.json,tool-schema-gate-100,unknown,,,,,,,,,,,,,,,,,,,,,,,,,,,,,,,,
tool-schema-gate-100/raw/027.json,tool-schema-gate-100,unknown,,,,,,,,,,,,,,,,,,,,,,,,,,,,,,,,
tool-schema-gate-100/raw/028.json,tool-schema-gate-100,unknown,,,,,,,,,,,,,,,,,,,,,,,,,,,,,,,,
tool-schema-gate-100/raw/029.json,tool-schema-gate-100,unknown,,,,,,,,,,,,,,,,,,,,,,,,,,,,,,,,
tool-schema-gate-100/raw/030.json,tool-schema-gate-100,unknown,,,,,,,,,,,,,,,,,,,,,,,,,,,,,,,,
tool-schema-gate-100/raw/031.json,tool-schema-gate-100,unknown,,,,,,,,,,,,,,,,,,,,,,,,,,,,,,,,
tool-schema-gate-100/raw/032.json,tool-schema-gate-100,unknown,,,,,,,,,,,,,,,,,,,,,,,,,,,,,,,,
tool-schema-gate-100/raw/033.json,tool-schema-gate-100,unknown,,,,,,,,,,,,,,,,,,,,,,,,,,,,,,,,
tool-schema-gate-100/raw/034.json,tool-schema-gate-100,unknown,,,,,,,,,,,,,,,,,,,,,,,,,,,,,,,,
tool-schema-gate-100/raw/035.json,tool-schema-gate-100,unknown,,,,,,,,,,,,,,,,,,,,,,,,,,,,,,,,
tool-schema-gate-100/raw/036.json,tool-schema-gate-100,unknown,,,,,,,,,,,,,,,,,,,,,,,,,,,,,,,,
tool-schema-gate-100/raw/037.json,tool-schema-gate-100,unknown,,,,,,,,,,,,,,,,,,,,,,,,,,,,,,,,
tool-schema-gate-100/raw/038.json,tool-schema-gate-100,unknown,,,,,,,,,,,,,,,,,,,,,,,,,,,,,,,,
tool-schema-gate-100/raw/039.json,tool-schema-gate-100,unknown,,,,,,,,,,,,,,,,,,,,,,,,,,,,,,,,
tool-schema-gate-100/raw/040.json,tool-schema-gate-100,unknown,,,,,,,,,,,,,,,,,,,,,,,,,,,,,,,,
tool-schema-gate-100/raw/041.json,tool-schema-gate-100,unknown,,,,,,,,,,,,,,,,,,,,,,,,,,,,,,,,
tool-schema-gate-100/raw/042.json,tool-schema-gate-100,unknown,,,,,,,,,,,,,,,,,,,,,,,,,,,,,,,,
tool-schema-gate-100/raw/043.json,tool-schema-gate-100,unknown,,,,,,,,,,,,,,,,,,,,,,,,,,,,,,,,
tool-schema-gate-100/raw/044.json,tool-schema-gate-100,unknown,,,,,,,,,,,,,,,,,,,,,,,,,,,,,,,,
tool-schema-gate-100/raw/045.json,tool-schema-gate-100,unknown,,,,,,,,,,,,,,,,,,,,,,,,,,,,,,,,
tool-schema-gate-100/raw/046.json,tool-schema-gate-100,unknown,,,,,,,,,,,,,,,,,,,,,,,,,,,,,,,,
tool-schema-gate-100/raw/047.json,tool-schema-gate-100,unknown,,,,,,,,,,,,,,,,,,,,,,,,,,,,,,,,
tool-schema-gate-100/raw/048.json,tool-schema-gate-100,unknown,,,,,,,,,,,,,,,,,,,,,,,,,,,,,,,,
tool-schema-gate-100/raw/049.json,tool-schema-gate-100,unknown,,,,,,,,,,,,,,,,,,,,,,,,,,,,,,,,
tool-schema-gate-100/raw/050.json,tool-schema-gate-100,unknown,,,,,,,,,,,,,,,,,,,,,,,,,,,,,,,,
tool-schema-gate-100/raw/051.json,tool-schema-gate-100,unknown,,,,,,,,,,,,,,,,,,,,,,,,,,,,,,,,
tool-schema-gate-100/raw/052.json,tool-schema-gate-100,unknown,,,,,,,,,,,,,,,,,,,,,,,,,,,,,,,,
tool-schema-gate-100/raw/053.json,tool-schema-gate-100,unknown,,,,,,,,,,,,,,,,,,,,,,,,,,,,,,,,
tool-schema-gate-100/raw/054.json,tool-schema-gate-100,unknown,,,,,,,,,,,,,,,,,,,,,,,,,,,,,,,,
tool-schema-gate-100/raw/055.json,tool-schema-gate-100,unknown,,,,,,,,,,,,,,,,,,,,,,,,,,,,,,,,
tool-schema-gate-100/raw/056.json,tool-schema-gate-100,unknown,,,,,,,,,,,,,,,,,,,,,,,,,,,,,,,,
tool-schema-gate-100/raw/057.json,tool-schema-gate-100,unknown,,,,,,,,,,,,,,,,,,,,,,,,,,,,,,,,
tool-schema-gate-100/raw/058.json,tool-schema-gate-100,unknown,,,,,,,,,,,,,,,,,,,,,,,,,,,,,,,,
tool-schema-gate-100/raw/059.json,tool-schema-gate-100,unknown,,,,,,,,,,,,,,,,,,,,,,,,,,,,,,,,
tool-schema-gate-100/raw/060.json,tool-schema-gate-100,unknown,,,,,,,,,,,,,,,,,,,,,,,,,,,,,,,,
tool-schema-gate-100/raw/061.json,tool-schema-gate-100,unknown,,,,,,,,,,,,,,,,,,,,,,,,,,,,,,,,
tool-schema-gate-100/raw/062.json,tool-schema-gate-100,unknown,,,,,,,,,,,,,,,,,,,,,,,,,,,,,,,,
tool-schema-gate-100/raw/063.json,tool-schema-gate-100,unknown,,,,,,,,,,,,,,,,,,,,,,,,,,,,,,,,
tool-schema-gate-100/raw/064.json,tool-schema-gate-100,unknown,,,,,,,,,,,,,,,,,,,,,,,,,,,,,,,,
tool-schema-gate-100/raw/065.json,tool-schema-gate-100,unknown,,,,,,,,,,,,,,,,,,,,,,,,,,,,,,,,
tool-schema-gate-100/raw/066.json,tool-schema-gate-100,unknown,,,,,,,,,,,,,,,,,,,,,,,,,,,,,,,,
tool-schema-gate-100/raw/067.json,tool-schema-gate-100,unknown,,,,,,,,,,,,,,,,,,,,,,,,,,,,,,,,
tool-schema-gate-100/raw/068.json,tool-schema-gate-100,unknown,,,,,,,,,,,,,,,,,,,,,,,,,,,,,,,,
tool-schema-gate-100/raw/069.json,tool-schema-gate-100,unknown,,,,,,,,,,,,,,,,,,,,,,,,,,,,,,,,
tool-schema-gate-100/raw/070.json,tool-schema-gate-100,unknown,,,,,,,,,,,,,,,,,,,,,,,,,,,,,,,,
tool-schema-gate-100/raw/071.json,tool-schema-gate-100,unknown,,,,,,,,,,,,,,,,,,,,,,,,,,,,,,,,
tool-schema-gate-100/raw/072.json,tool-schema-gate-100,unknown,,,,,,,,,,,,,,,,,,,,,,,,,,,,,,,,
tool-schema-gate-100/raw/073.json,tool-schema-gate-100,unknown,,,,,,,,,,,,,,,,,,,,,,,,,,,,,,,,
tool-schema-gate-100/raw/074.json,tool-schema-gate-100,unknown,,,,,,,,,,,,,,,,,,,,,,,,,,,,,,,,
tool-schema-gate-100/raw/075.json,tool-schema-gate-100,unknown,,,,,,,,,,,,,,,,,,,,,,,,,,,,,,,,
tool-schema-gate-100/raw/076.json,tool-schema-gate-100,unknown,,,,,,,,,,,,,,,,,,,,,,,,,,,,,,,,
tool-schema-gate-100/raw/077.json,tool-schema-gate-100,unknown,,,,,,,,,,,,,,,,,,,,,,,,,,,,,,,,
tool-schema-gate-100/raw/078.json,tool-schema-gate-100,unknown,,,,,,,,,,,,,,,,,,,,,,,,,,,,,,,,
tool-schema-gate-100/raw/079.json,tool-schema-gate-100,unknown,,,,,,,,,,,,,,,,,,,,,,,,,,,,,,,,
tool-schema-gate-100/raw/080.json,tool-schema-gate-100,unknown,,,,,,,,,,,,,,,,,,,,,,,,,,,,,,,,
tool-schema-gate-100/raw/081.json,tool-schema-gate-100,unknown,,,,,,,,,,,,,,,,,,,,,,,,,,,,,,,,
tool-schema-gate-100/raw/082.json,tool-schema-gate-100,unknown,,,,,,,,,,,,,,,,,,,,,,,,,,,,,,,,
tool-schema-gate-100/raw/083.json,tool-schema-gate-100,unknown,,,,,,,,,,,,,,,,,,,,,,,,,,,,,,,,
tool-schema-gate-100/raw/084.json,tool-schema-gate-100,unknown,,,,,,,,,,,,,,,,,,,,,,,,,,,,,,,,
tool-schema-gate-100/raw/085.json,tool-schema-gate-100,unknown,,,,,,,,,,,,,,,,,,,,,,,,,,,,,,,,
tool-schema-gate-100/raw/086.json,tool-schema-gate-100,unknown,,,,,,,,,,,,,,,,,,,,,,,,,,,,,,,,
tool-schema-gate-100/raw/087.json,tool-schema-gate-100,unknown,,,,,,,,,,,,,,,,,,,,,,,,,,,,,,,,
tool-schema-gate-100/raw/088.json,tool-schema-gate-100,unknown,,,,,,,,,,,,,,,,,,,,,,,,,,,,,,,,
tool-schema-gate-100/raw/089.json,tool-schema-gate-100,unknown,,,,,,,,,,,,,,,,,,,,,,,,,,,,,,,,
tool-schema-gate-100/raw/090.json,tool-schema-gate-100,unknown,,,,,,,,,,,,,,,,,,,,,,,,,,,,,,,,
tool-schema-gate-100/raw/091.json,tool-schema-gate-100,unknown,,,,,,,,,,,,,,,,,,,,,,,,,,,,,,,,
tool-schema-gate-100/raw/092.json,tool-schema-gate-100,unknown,,,,,,,,,,,,,,,,,,,,,,,,,,,,,,,,
tool-schema-gate-100/raw/093.json,tool-schema-gate-100,unknown,,,,,,,,,,,,,,,,,,,,,,,,,,,,,,,,
tool-schema-gate-100/raw/094.json,tool-schema-gate-100,unknown,,,,,,,,,,,,,,,,,,,,,,,,,,,,,,,,
tool-schema-gate-100/raw/095.json,tool-schema-gate-100,unknown,,,,,,,,,,,,,,,,,,,,,,,,,,,,,,,,
tool-schema-gate-100/raw/096.json,tool-schema-gate-100,unknown,,,,,,,,,,,,,,,,,,,,,,,,,,,,,,,,
tool-schema-gate-100/raw/097.json,tool-schema-gate-100,unknown,,,,,,,,,,,,,,,,,,,,,,,,,,,,,,,,
tool-schema-gate-100/raw/098.json,tool-schema-gate-100,unknown,,,,,,,,,,,,,,,,,,,,,,,,,,,,,,,,
tool-schema-gate-100/raw/099.json,tool-schema-gate-100,unknown,,,,,,,,,,,,,,,,,,,,,,,,,,,,,,,,
tool-schema-gate-100/raw/100.json,tool-schema-gate-100,unknown,,,,,,,,,,,,,,,,,,,,,,,,,,,,,,,,
tool-schema-gate-parserfix-100/raw/001.json,tool-schema-gate-parserfix-100,unknown,,,,,,,,,,,,,,,,,,,,,,,,,,,,,,,,
tool-schema-gate-parserfix-100/raw/002.json,tool-schema-gate-parserfix-100,unknown,,,,,,,,,,,,,,,,,,,,,,,,,,,,,,,,
tool-schema-gate-parserfix-100/raw/003.json,tool-schema-gate-parserfix-100,unknown,,,,,,,,,,,,,,,,,,,,,,,,,,,,,,,,
tool-schema-gate-parserfix-100/raw/004.json,tool-schema-gate-parserfix-100,unknown,,,,,,,,,,,,,,,,,,,,,,,,,,,,,,,,
tool-schema-gate-parserfix-100/raw/005.json,tool-schema-gate-parserfix-100,unknown,,,,,,,,,,,,,,,,,,,,,,,,,,,,,,,,
tool-schema-gate-parserfix-100/raw/006.json,tool-schema-gate-parserfix-100,unknown,,,,,,,,,,,,,,,,,,,,,,,,,,,,,,,,
tool-schema-gate-parserfix-100/raw/007.json,tool-schema-gate-parserfix-100,unknown,,,,,,,,,,,,,,,,,,,,,,,,,,,,,,,,
tool-schema-gate-parserfix-100/raw/008.json,tool-schema-gate-parserfix-100,unknown,,,,,,,,,,,,,,,,,,,,,,,,,,,,,,,,
tool-schema-gate-parserfix-100/raw/009.json,tool-schema-gate-parserfix-100,unknown,,,,,,,,,,,,,,,,,,,,,,,,,,,,,,,,
tool-schema-gate-parserfix-100/raw/010.json,tool-schema-gate-parserfix-100,unknown,,,,,,,,,,,,,,,,,,,,,,,,,,,,,,,,
tool-schema-gate-parserfix-100/raw/011.json,tool-schema-gate-parserfix-100,unknown,,,,,,,,,,,,,,,,,,,,,,,,,,,,,,,,
tool-schema-gate-parserfix-100/raw/012.json,tool-schema-gate-parserfix-100,unknown,,,,,,,,,,,,,,,,,,,,,,,,,,,,,,,,
tool-schema-gate-parserfix-100/raw/013.json,tool-schema-gate-parserfix-100,unknown,,,,,,,,,,,,,,,,,,,,,,,,,,,,,,,,
tool-schema-gate-parserfix-100/raw/014.json,tool-schema-gate-parserfix-100,unknown,,,,,,,,,,,,,,,,,,,,,,,,,,,,,,,,
tool-schema-gate-parserfix-100/raw/015.json,tool-schema-gate-parserfix-100,unknown,,,,,,,,,,,,,,,,,,,,,,,,,,,,,,,,
tool-schema-gate-parserfix-100/raw/016.json,tool-schema-gate-parserfix-100,unknown,,,,,,,,,,,,,,,,,,,,,,,,,,,,,,,,
tool-schema-gate-parserfix-100/raw/017.json,tool-schema-gate-parserfix-100,unknown,,,,,,,,,,,,,,,,,,,,,,,,,,,,,,,,
tool-schema-gate-parserfix-100/raw/018.json,tool-schema-gate-parserfix-100,unknown,,,,,,,,,,,,,,,,,,,,,,,,,,,,,,,,
tool-schema-gate-parserfix-100/raw/019.json,tool-schema-gate-parserfix-100,unknown,,,,,,,,,,,,,,,,,,,,,,,,,,,,,,,,
tool-schema-gate-parserfix-100/raw/020.json,tool-schema-gate-parserfix-100,unknown,,,,,,,,,,,,,,,,,,,,,,,,,,,,,,,,
tool-schema-gate-parserfix-100/raw/021.json,tool-schema-gate-parserfix-100,unknown,,,,,,,,,,,,,,,,,,,,,,,,,,,,,,,,
tool-schema-gate-parserfix-100/raw/022.json,tool-schema-gate-parserfix-100,unknown,,,,,,,,,,,,,,,,,,,,,,,,,,,,,,,,
tool-schema-gate-parserfix-100/raw/023.json,tool-schema-gate-parserfix-100,unknown,,,,,,,,,,,,,,,,,,,,,,,,,,,,,,,,
tool-schema-gate-parserfix-100/raw/024.json,tool-schema-gate-parserfix-100,unknown,,,,,,,,,,,,,,,,,,,,,,,,,,,,,,,,
tool-schema-gate-parserfix-100/raw/025.json,tool-schema-gate-parserfix-100,unknown,,,,,,,,,,,,,,,,,,,,,,,,,,,,,,,,
tool-schema-gate-parserfix-100/raw/026.json,tool-schema-gate-parserfix-100,unknown,,,,,,,,,,,,,,,,,,,,,,,,,,,,,,,,
tool-schema-gate-parserfix-100/raw/027.json,tool-schema-gate-parserfix-100,unknown,,,,,,,,,,,,,,,,,,,,,,,,,,,,,,,,
tool-schema-gate-parserfix-100/raw/028.json,tool-schema-gate-parserfix-100,unknown,,,,,,,,,,,,,,,,,,,,,,,,,,,,,,,,
tool-schema-gate-parserfix-100/raw/029.json,tool-schema-gate-parserfix-100,unknown,,,,,,,,,,,,,,,,,,,,,,,,,,,,,,,,
tool-schema-gate-parserfix-100/raw/030.json,tool-schema-gate-parserfix-100,unknown,,,,,,,,,,,,,,,,,,,,,,,,,,,,,,,,
tool-schema-gate-parserfix-100/raw/031.json,tool-schema-gate-parserfix-100,unknown,,,,,,,,,,,,,,,,,,,,,,,,,,,,,,,,
tool-schema-gate-parserfix-100/raw/032.json,tool-schema-gate-parserfix-100,unknown,,,,,,,,,,,,,,,,,,,,,,,,,,,,,,,,
tool-schema-gate-parserfix-100/raw/033.json,tool-schema-gate-parserfix-100,unknown,,,,,,,,,,,,,,,,,,,,,,,,,,,,,,,,
tool-schema-gate-parserfix-100/raw/034.json,tool-schema-gate-parserfix-100,unknown,,,,,,,,,,,,,,,,,,,,,,,,,,,,,,,,
tool-schema-gate-parserfix-100/raw/035.json,tool-schema-gate-parserfix-100,unknown,,,,,,,,,,,,,,,,,,,,,,,,,,,,,,,,
tool-schema-gate-parserfix-100/raw/036.json,tool-schema-gate-parserfix-100,unknown,,,,,,,,,,,,,,,,,,,,,,,,,,,,,,,,
tool-schema-gate-parserfix-100/raw/037.json,tool-schema-gate-parserfix-100,unknown,,,,,,,,,,,,,,,,,,,,,,,,,,,,,,,,
tool-schema-gate-parserfix-100/raw/038.json,tool-schema-gate-parserfix-100,unknown,,,,,,,,,,,,,,,,,,,,,,,,,,,,,,,,
tool-schema-gate-parserfix-100/raw/039.json,tool-schema-gate-parserfix-100,unknown,,,,,,,,,,,,,,,,,,,,,,,,,,,,,,,,
tool-schema-gate-parserfix-100/raw/040.json,tool-schema-gate-parserfix-100,unknown,,,,,,,,,,,,,,,,,,,,,,,,,,,,,,,,
tool-schema-gate-parserfix-100/raw/041.json,tool-schema-gate-parserfix-100,unknown,,,,,,,,,,,,,,,,,,,,,,,,,,,,,,,,
tool-schema-gate-parserfix-100/raw/042.json,tool-schema-gate-parserfix-100,unknown,,,,,,,,,,,,,,,,,,,,,,,,,,,,,,,,
tool-schema-gate-parserfix-100/raw/043.json,tool-schema-gate-parserfix-100,unknown,,,,,,,,,,,,,,,,,,,,,,,,,,,,,,,,
tool-schema-gate-parserfix-100/raw/044.json,tool-schema-gate-parserfix-100,unknown,,,,,,,,,,,,,,,,,,,,,,,,,,,,,,,,
tool-schema-gate-parserfix-100/raw/045.json,tool-schema-gate-parserfix-100,unknown,,,,,,,,,,,,,,,,,,,,,,,,,,,,,,,,
tool-schema-gate-parserfix-100/raw/046.json,tool-schema-gate-parserfix-100,unknown,,,,,,,,,,,,,,,,,,,,,,,,,,,,,,,,
tool-schema-gate-parserfix-100/raw/047.json,tool-schema-gate-parserfix-100,unknown,,,,,,,,,,,,,,,,,,,,,,,,,,,,,,,,
tool-schema-gate-parserfix-100/raw/048.json,tool-schema-gate-parserfix-100,unknown,,,,,,,,,,,,,,,,,,,,,,,,,,,,,,,,
tool-schema-gate-parserfix-100/raw/049.json,tool-schema-gate-parserfix-100,unknown,,,,,,,,,,,,,,,,,,,,,,,,,,,,,,,,
tool-schema-gate-parserfix-100/raw/050.json,tool-schema-gate-parserfix-100,unknown,,,,,,,,,,,,,,,,,,,,,,,,,,,,,,,,
tool-schema-gate-parserfix-100/raw/051.json,tool-schema-gate-parserfix-100,unknown,,,,,,,,,,,,,,,,,,,,,,,,,,,,,,,,
tool-schema-gate-parserfix-100/raw/052.json,tool-schema-gate-parserfix-100,unknown,,,,,,,,,,,,,,,,,,,,,,,,,,,,,,,,
tool-schema-gate-parserfix-100/raw/053.json,tool-schema-gate-parserfix-100,unknown,,,,,,,,,,,,,,,,,,,,,,,,,,,,,,,,
tool-schema-gate-parserfix-100/raw/054.json,tool-schema-gate-parserfix-100,unknown,,,,,,,,,,,,,,,,,,,,,,,,,,,,,,,,
tool-schema-gate-parserfix-100/raw/055.json,tool-schema-gate-parserfix-100,unknown,,,,,,,,,,,,,,,,,,,,,,,,,,,,,,,,
tool-schema-gate-parserfix-100/raw/056.json,tool-schema-gate-parserfix-100,unknown,,,,,,,,,,,,,,,,,,,,,,,,,,,,,,,,
tool-schema-gate-parserfix-100/raw/057.json,tool-schema-gate-parserfix-100,unknown,,,,,,,,,,,,,,,,,,,,,,,,,,,,,,,,
tool-schema-gate-parserfix-100/raw/058.json,tool-schema-gate-parserfix-100,unknown,,,,,,,,,,,,,,,,,,,,,,,,,,,,,,,,
tool-schema-gate-parserfix-100/raw/059.json,tool-schema-gate-parserfix-100,unknown,,,,,,,,,,,,,,,,,,,,,,,,,,,,,,,,
tool-schema-gate-parserfix-100/raw/060.json,tool-schema-gate-parserfix-100,unknown,,,,,,,,,,,,,,,,,,,,,,,,,,,,,,,,
tool-schema-gate-parserfix-100/raw/061.json,tool-schema-gate-parserfix-100,unknown,,,,,,,,,,,,,,,,,,,,,,,,,,,,,,,,
tool-schema-gate-parserfix-100/raw/062.json,tool-schema-gate-parserfix-100,unknown,,,,,,,,,,,,,,,,,,,,,,,,,,,,,,,,
tool-schema-gate-parserfix-100/raw/063.json,tool-schema-gate-parserfix-100,unknown,,,,,,,,,,,,,,,,,,,,,,,,,,,,,,,,
tool-schema-gate-parserfix-100/raw/064.json,tool-schema-gate-parserfix-100,unknown,,,,,,,,,,,,,,,,,,,,,,,,,,,,,,,,
tool-schema-gate-parserfix-100/raw/065.json,tool-schema-gate-parserfix-100,unknown,,,,,,,,,,,,,,,,,,,,,,,,,,,,,,,,
tool-schema-gate-parserfix-100/raw/066.json,tool-schema-gate-parserfix-100,unknown,,,,,,,,,,,,,,,,,,,,,,,,,,,,,,,,
tool-schema-gate-parserfix-100/raw/067.json,tool-schema-gate-parserfix-100,unknown,,,,,,,,,,,,,,,,,,,,,,,,,,,,,,,,
tool-schema-gate-parserfix-100/raw/068.json,tool-schema-gate-parserfix-100,unknown,,,,,,,,,,,,,,,,,,,,,,,,,,,,,,,,
tool-schema-gate-parserfix-100/raw/069.json,tool-schema-gate-parserfix-100,unknown,,,,,,,,,,,,,,,,,,,,,,,,,,,,,,,,
tool-schema-gate-parserfix-100/raw/070.json,tool-schema-gate-parserfix-100,unknown,,,,,,,,,,,,,,,,,,,,,,,,,,,,,,,,
tool-schema-gate-parserfix-100/raw/071.json,tool-schema-gate-parserfix-100,unknown,,,,,,,,,,,,,,,,,,,,,,,,,,,,,,,,
tool-schema-gate-parserfix-100/raw/072.json,tool-schema-gate-parserfix-100,unknown,,,,,,,,,,,,,,,,,,,,,,,,,,,,,,,,
tool-schema-gate-parserfix-100/raw/073.json,tool-schema-gate-parserfix-100,unknown,,,,,,,,,,,,,,,,,,,,,,,,,,,,,,,,
tool-schema-gate-parserfix-100/raw/074.json,tool-schema-gate-parserfix-100,unknown,,,,,,,,,,,,,,,,,,,,,,,,,,,,,,,,
tool-schema-gate-parserfix-100/raw/075.json,tool-schema-gate-parserfix-100,unknown,,,,,,,,,,,,,,,,,,,,,,,,,,,,,,,,
tool-schema-gate-parserfix-100/raw/076.json,tool-schema-gate-parserfix-100,unknown,,,,,,,,,,,,,,,,,,,,,,,,,,,,,,,,
tool-schema-gate-parserfix-100/raw/077.json,tool-schema-gate-parserfix-100,unknown,,,,,,,,,,,,,,,,,,,,,,,,,,,,,,,,
tool-schema-gate-parserfix-100/raw/078.json,tool-schema-gate-parserfix-100,unknown,,,,,,,,,,,,,,,,,,,,,,,,,,,,,,,,
tool-schema-gate-parserfix-100/raw/079.json,tool-schema-gate-parserfix-100,unknown,,,,,,,,,,,,,,,,,,,,,,,,,,,,,,,,
tool-schema-gate-parserfix-100/raw/080.json,tool-schema-gate-parserfix-100,unknown,,,,,,,,,,,,,,,,,,,,,,,,,,,,,,,,
tool-schema-gate-parserfix-100/raw/081.json,tool-schema-gate-parserfix-100,unknown,,,,,,,,,,,,,,,,,,,,,,,,,,,,,,,,
tool-schema-gate-parserfix-100/raw/082.json,tool-schema-gate-parserfix-100,unknown,,,,,,,,,,,,,,,,,,,,,,,,,,,,,,,,
tool-schema-gate-parserfix-100/raw/083.json,tool-schema-gate-parserfix-100,unknown,,,,,,,,,,,,,,,,,,,,,,,,,,,,,,,,
tool-schema-gate-parserfix-100/raw/084.json,tool-schema-gate-parserfix-100,unknown,,,,,,,,,,,,,,,,,,,,,,,,,,,,,,,,
tool-schema-gate-parserfix-100/raw/085.json,tool-schema-gate-parserfix-100,unknown,,,,,,,,,,,,,,,,,,,,,,,,,,,,,,,,
tool-schema-gate-parserfix-100/raw/086.json,tool-schema-gate-parserfix-100,unknown,,,,,,,,,,,,,,,,,,,,,,,,,,,,,,,,
tool-schema-gate-parserfix-100/raw/087.json,tool-schema-gate-parserfix-100,unknown,,,,,,,,,,,,,,,,,,,,,,,,,,,,,,,,
tool-schema-gate-parserfix-100/raw/088.json,tool-schema-gate-parserfix-100,unknown,,,,,,,,,,,,,,,,,,,,,,,,,,,,,,,,
tool-schema-gate-parserfix-100/raw/089.json,tool-schema-gate-parserfix-100,unknown,,,,,,,,,,,,,,,,,,,,,,,,,,,,,,,,
tool-schema-gate-parserfix-100/raw/090.json,tool-schema-gate-parserfix-100,unknown,,,,,,,,,,,,,,,,,,,,,,,,,,,,,,,,
tool-schema-gate-parserfix-100/raw/091.json,tool-schema-gate-parserfix-100,unknown,,,,,,,,,,,,,,,,,,,,,,,,,,,,,,,,
tool-schema-gate-parserfix-100/raw/092.json,tool-schema-gate-parserfix-100,unknown,,,,,,,,,,,,,,,,,,,,,,,,,,,,,,,,
tool-schema-gate-parserfix-100/raw/093.json,tool-schema-gate-parserfix-100,unknown,,,,,,,,,,,,,,,,,,,,,,,,,,,,,,,,
tool-schema-gate-parserfix-100/raw/094.json,tool-schema-gate-parserfix-100,unknown,,,,,,,,,,,,,,,,,,,,,,,,,,,,,,,,
tool-schema-gate-parserfix-100/raw/095.json,tool-schema-gate-parserfix-100,unknown,,,,,,,,,,,,,,,,,,,,,,,,,,,,,,,,
tool-schema-gate-parserfix-100/raw/096.json,tool-schema-gate-parserfix-100,unknown,,,,,,,,,,,,,,,,,,,,,,,,,,,,,,,,
tool-schema-gate-parserfix-100/raw/097.json,tool-schema-gate-parserfix-100,unknown,,,,,,,,,,,,,,,,,,,,,,,,,,,,,,,,
tool-schema-gate-parserfix-100/raw/098.json,tool-schema-gate-parserfix-100,unknown,,,,,,,,,,,,,,,,,,,,,,,,,,,,,,,,
tool-schema-gate-parserfix-100/raw/099.json,tool-schema-gate-parserfix-100,unknown,,,,,,,,,,,,,,,,,,,,,,,,,,,,,,,,
tool-schema-gate-parserfix-100/raw/100.json,tool-schema-gate-parserfix-100,unknown,,,,,,,,,,,,,,,,,,,,,,,,,,,,,,,,
v0271-control-quick/raw/decode_in256_out256_c1_r1.json,v0271-control-mxfp4-dflash-k7,decode,256,256,1,1,2,on,0,0,4,9.855345220013987,4,0,0.4058711197530555,103.90300665678221,207.80601331356442,92.8635852469597,92.05455199116841,92.05455199116841,95.44772202323657,9.297595572527772,9.28395392941585,9.28395392941585,14.596895566913208,28.651204241370767,28.626120008993894,28.626120008993894,29.56866131280549,2463.7504562415415,2459.2098579742014,3814.499515829375,30.168321104876995,3.11178247734139
v0271-control-quick/raw/decode_in256_out256_c1_r2.json,v0271-control-mxfp4-dflash-k7,decode,256,256,1,2,2,on,0,0,4,5.354656175011769,4,0,0.7470134158504039,191.2354344577034,382.4708689154068,92.49967374489643,92.69454047898762,92.69454047898762,93.6595265037613,4.886532427432637,4.216268264652029,4.216268264652029,6.99940238163496,28.645199057164376,28.631019493332133,28.631019493332133,29.292127341614105,1338.5654427402187,1168.5604554659221,1877.1309657709205,70.85385878489326,5.959770114942529
v0271-control-quick/raw/decode_in256_out256_c2_r1.json,v0271-control-mxfp4-dflash-k7,decode,256,256,2,1,2,on,0,0,4,3.6992172250174917,4,0,1.0813098438632747,276.8153200289983,553.6306400579966,146.73114697507117,145.8547069632914,145.8547069632914,202.37330067087893,6.226143082341307,6.26072064498622,6.26072064498622,7.541128580889883,33.249564418576526,32.198857981711626,32.198857981711626,113.42768839094785,1734.3976329721045,1744.0913514583372,2070.772020413424,62.752430815258045,5.392670157068062
v0271-control-quick/raw/decode_in256_out256_c2_r2.json,v0271-control-mxfp4-dflash-k7,decode,256,256,2,2,2,on,0,0,4,6.465278174029663,4,0,0.6186895431765915,158.38452305320743,316.76904610641486,148.37860550323967,147.45326901902445,147.45326901902445,204.66894358512943,10.938321508800465,9.893926037201549,9.893926037201549,16.719647356731286,32.62306634205317,32.28519597905688,32.28519597905688,33.490048974053934,2937.650590247358,2642.76173649705,4468.178929252317,28.696741854636592,3.008771929824561
v0271-control-quick/raw/decode_in256_out256_c4_r1.json,v0271-control-mxfp4-dflash-k7,decode,256,256,4,1,2,on,0,0,8,6.620243086013943,8,0,1.2084148415789986,309.35419944422364,618.7083988884473,212.49924537551124,158.87926498544402,158.87926498544402,324.0693780273432,10.201092165131257,8.584534380397777,8.584534380397777,20.14841608157582,40.48682793187601,39.28755901870318,39.28755901870318,122.46978444978595,2813.7777474839822,2430.1348454901017,5247.723889417247,42.91272929405225,4.003891050583658
v0271-control-quick/raw/decode_in256_out256_c4_r2.json,v0271-control-mxfp4-dflash-k7,decode,256,256,4,2,2,on,0,0,8,6.9382192609482445,8,0,1.1530336097949494,295.17660410750705,590.3532082150141,212.06639024603646,160.13533200020902,160.13533200020902,322.29955475369934,11.994664985304196,12.07368625293705,12.07368625293705,21.374943909584545,40.849946527598036,39.35184300644323,39.35184300644323,123.3694689674303,3270.7059614986065,3319.5135044807103,5558.638341905315,34.676842356308136,3.4273789649415694
v0271-control-quick/raw/warmup_in128_out64_c1_r1.json,v0271-control-mxfp4-dflash-k7,warmup,128,64,1,1,2,on,0,0,2,0.8854192909784615,2,0,2.258816834439912,144.56427740415438,433.69283221246314,74.97932997648604,74.97932997648604,74.97932997648604,75.09777080907952,5.8353086988929475,5.8353086988929475,5.8353086988929475,6.252236351895604,28.27883638495293,28.33635002025403,28.33635002025403,28.788194729713723,442.6037780067418,442.6037780067418,468.75177931331564,58.791208791208796,5.115384615384615
v0271-main-c8-betterbench-standard/raw/correctness_fixed.json,v0271-main-c8-betterbench-standard,correctness_fixed,,,,,,,,0,,,8,0,,,,,,,,,,,,,,,,,,,,
v0271-main-c8-betterbench-standard/tool-schema-gate/raw/001.json,tool-schema-gate,unknown,,,,,,,,,,,,,,,,,,,,,,,,,,,,,,,,
v0271-main-c8-betterbench-standard/tool-schema-gate/raw/002.json,tool-schema-gate,unknown,,,,,,,,,,,,,,,,,,,,,,,,,,,,,,,,
v0271-main-c8-betterbench-standard/tool-schema-gate/raw/003.json,tool-schema-gate,unknown,,,,,,,,,,,,,,,,,,,,,,,,,,,,,,,,
v0271-main-c8-betterbench-standard/tool-schema-gate/raw/004.json,tool-schema-gate,unknown,,,,,,,,,,,,,,,,,,,,,,,,,,,,,,,,
v0271-main-c8-betterbench-standard/tool-schema-gate/raw/005.json,tool-schema-gate,unknown,,,,,,,,,,,,,,,,,,,,,,,,,,,,,,,,
v0271-main-c8-betterbench-standard/tool-schema-gate/raw/006.json,tool-schema-gate,unknown,,,,,,,,,,,,,,,,,,,,,,,,,,,,,,,,
v0271-main-c8-betterbench-standard/tool-schema-gate/raw/007.json,tool-schema-gate,unknown,,,,,,,,,,,,,,,,,,,,,,,,,,,,,,,,
v0271-main-c8-betterbench-standard/tool-schema-gate/raw/008.json,tool-schema-gate,unknown,,,,,,,,,,,,,,,,,,,,,,,,,,,,,,,,
v0271-main-c8-betterbench-standard/tool-schema-gate/raw/009.json,tool-schema-gate,unknown,,,,,,,,,,,,,,,,,,,,,,,,,,,,,,,,
v0271-main-c8-betterbench-standard/tool-schema-gate/raw/010.json,tool-schema-gate,unknown,,,,,,,,,,,,,,,,,,,,,,,,,,,,,,,,
v0271-main-c8-betterbench-standard/tool-schema-gate/raw/011.json,tool-schema-gate,unknown,,,,,,,,,,,,,,,,,,,,,,,,,,,,,,,,
v0271-main-c8-betterbench-standard/tool-schema-gate/raw/012.json,tool-schema-gate,unknown,,,,,,,,,,,,,,,,,,,,,,,,,,,,,,,,
v0271-main-c8-betterbench-standard/tool-schema-gate/raw/013.json,tool-schema-gate,unknown,,,,,,,,,,,,,,,,,,,,,,,,,,,,,,,,
v0271-main-c8-betterbench-standard/tool-schema-gate/raw/014.json,tool-schema-gate,unknown,,,,,,,,,,,,,,,,,,,,,,,,,,,,,,,,
v0271-main-c8-betterbench-standard/tool-schema-gate/raw/015.json,tool-schema-gate,unknown,,,,,,,,,,,,,,,,,,,,,,,,,,,,,,,,
v0271-main-c8-betterbench-standard/tool-schema-gate/raw/016.json,tool-schema-gate,unknown,,,,,,,,,,,,,,,,,,,,,,,,,,,,,,,,
v0271-main-c8-betterbench-standard/tool-schema-gate/raw/017.json,tool-schema-gate,unknown,,,,,,,,,,,,,,,,,,,,,,,,,,,,,,,,
v0271-main-c8-betterbench-standard/tool-schema-gate/raw/018.json,tool-schema-gate,unknown,,,,,,,,,,,,,,,,,,,,,,,,,,,,,,,,
v0271-main-c8-betterbench-standard/tool-schema-gate/raw/019.json,tool-schema-gate,unknown,,,,,,,,,,,,,,,,,,,,,,,,,,,,,,,,
v0271-main-c8-betterbench-standard/tool-schema-gate/raw/020.json,tool-schema-gate,unknown,,,,,,,,,,,,,,,,,,,,,,,,,,,,,,,,
v0271-main-c8-betterbench-standard/tool-schema-gate/raw/021.json,tool-schema-gate,unknown,,,,,,,,,,,,,,,,,,,,,,,,,,,,,,,,
v0271-main-c8-betterbench-standard/tool-schema-gate/raw/022.json,tool-schema-gate,unknown,,,,,,,,,,,,,,,,,,,,,,,,,,,,,,,,
v0271-main-c8-betterbench-standard/tool-schema-gate/raw/023.json,tool-schema-gate,unknown,,,,,,,,,,,,,,,,,,,,,,,,,,,,,,,,
v0271-main-c8-betterbench-standard/tool-schema-gate/raw/024.json,tool-schema-gate,unknown,,,,,,,,,,,,,,,,,,,,,,,,,,,,,,,,
v0271-main-c8-betterbench-standard/tool-schema-gate/raw/025.json,tool-schema-gate,unknown,,,,,,,,,,,,,,,,,,,,,,,,,,,,,,,,
v0271-main-c8-betterbench-standard/tool-schema-gate/raw/026.json,tool-schema-gate,unknown,,,,,,,,,,,,,,,,,,,,,,,,,,,,,,,,
v0271-main-c8-betterbench-standard/tool-schema-gate/raw/027.json,tool-schema-gate,unknown,,,,,,,,,,,,,,,,,,,,,,,,,,,,,,,,
v0271-main-c8-betterbench-standard/tool-schema-gate/raw/028.json,tool-schema-gate,unknown,,,,,,,,,,,,,,,,,,,,,,,,,,,,,,,,
v0271-main-c8-betterbench-standard/tool-schema-gate/raw/029.json,tool-schema-gate,unknown,,,,,,,,,,,,,,,,,,,,,,,,,,,,,,,,
v0271-main-c8-betterbench-standard/tool-schema-gate/raw/030.json,tool-schema-gate,unknown,,,,,,,,,,,,,,,,,,,,,,,,,,,,,,,,
v028-final-betterbench-standard/raw/correctness_fixed.json,v028-final-betterbench-standard,correctness_fixed,,,,,,,,0,,,8,0,,,,,,,,,,,,,,,,,,,,
v028-final-betterbench-standard/tool-schema-gate/raw/001.json,tool-schema-gate,unknown,,,,,,,,,,,,,,,,,,,,,,,,,,,,,,,,
v028-final-betterbench-standard/tool-schema-gate/raw/002.json,tool-schema-gate,unknown,,,,,,,,,,,,,,,,,,,,,,,,,,,,,,,,
v028-final-betterbench-standard/tool-schema-gate/raw/003.json,tool-schema-gate,unknown,,,,,,,,,,,,,,,,,,,,,,,,,,,,,,,,
v028-final-betterbench-standard/tool-schema-gate/raw/004.json,tool-schema-gate,unknown,,,,,,,,,,,,,,,,,,,,,,,,,,,,,,,,
v028-final-betterbench-standard/tool-schema-gate/raw/005.json,tool-schema-gate,unknown,,,,,,,,,,,,,,,,,,,,,,,,,,,,,,,,
v028-final-betterbench-standard/tool-schema-gate/raw/006.json,tool-schema-gate,unknown,,,,,,,,,,,,,,,,,,,,,,,,,,,,,,,,
v028-final-betterbench-standard/tool-schema-gate/raw/007.json,tool-schema-gate,unknown,,,,,,,,,,,,,,,,,,,,,,,,,,,,,,,,
v028-final-betterbench-standard/tool-schema-gate/raw/008.json,tool-schema-gate,unknown,,,,,,,,,,,,,,,,,,,,,,,,,,,,,,,,
v028-final-betterbench-standard/tool-schema-gate/raw/009.json,tool-schema-gate,unknown,,,,,,,,,,,,,,,,,,,,,,,,,,,,,,,,
v028-final-betterbench-standard/tool-schema-gate/raw/010.json,tool-schema-gate,unknown,,,,,,,,,,,,,,,,,,,,,,,,,,,,,,,,
v028-final-betterbench-standard/tool-schema-gate/raw/011.json,tool-schema-gate,unknown,,,,,,,,,,,,,,,,,,,,,,,,,,,,,,,,
v028-final-betterbench-standard/tool-schema-gate/raw/012.json,tool-schema-gate,unknown,,,,,,,,,,,,,,,,,,,,,,,,,,,,,,,,
v028-final-betterbench-standard/tool-schema-gate/raw/013.json,tool-schema-gate,unknown,,,,,,,,,,,,,,,,,,,,,,,,,,,,,,,,
v028-final-betterbench-standard/tool-schema-gate/raw/014.json,tool-schema-gate,unknown,,,,,,,,,,,,,,,,,,,,,,,,,,,,,,,,
v028-final-betterbench-standard/tool-schema-gate/raw/015.json,tool-schema-gate,unknown,,,,,,,,,,,,,,,,,,,,,,,,,,,,,,,,
v028-final-betterbench-standard/tool-schema-gate/raw/016.json,tool-schema-gate,unknown,,,,,,,,,,,,,,,,,,,,,,,,,,,,,,,,
v028-final-betterbench-standard/tool-schema-gate/raw/017.json,tool-schema-gate,unknown,,,,,,,,,,,,,,,,,,,,,,,,,,,,,,,,
v028-final-betterbench-standard/tool-schema-gate/raw/018.json,tool-schema-gate,unknown,,,,,,,,,,,,,,,,,,,,,,,,,,,,,,,,
v028-final-betterbench-standard/tool-schema-gate/raw/019.json,tool-schema-gate,unknown,,,,,,,,,,,,,,,,,,,,,,,,,,,,,,,,
v028-final-betterbench-standard/tool-schema-gate/raw/020.json,tool-schema-gate,unknown,,,,,,,,,,,,,,,,,,,,,,,,,,,,,,,,
v028-final-betterbench-standard/tool-schema-gate/raw/021.json,tool-schema-gate,unknown,,,,,,,,,,,,,,,,,,,,,,,,,,,,,,,,
v028-final-betterbench-standard/tool-schema-gate/raw/022.json,tool-schema-gate,unknown,,,,,,,,,,,,,,,,,,,,,,,,,,,,,,,,
v028-final-betterbench-standard/tool-schema-gate/raw/023.json,tool-schema-gate,unknown,,,,,,,,,,,,,,,,,,,,,,,,,,,,,,,,
v028-final-betterbench-standard/tool-schema-gate/raw/024.json,tool-schema-gate,unknown,,,,,,,,,,,,,,,,,,,,,,,,,,,,,,,,
v028-final-betterbench-standard/tool-schema-gate/raw/025.json,tool-schema-gate,unknown,,,,,,,,,,,,,,,,,,,,,,,,,,,,,,,,
v028-final-betterbench-standard/tool-schema-gate/raw/026.json,tool-schema-gate,unknown,,,,,,,,,,,,,,,,,,,,,,,,,,,,,,,,
v028-final-betterbench-standard/tool-schema-gate/raw/027.json,tool-schema-gate,unknown,,,,,,,,,,,,,,,,,,,,,,,,,,,,,,,,
v028-final-betterbench-standard/tool-schema-gate/raw/028.json,tool-schema-gate,unknown,,,,,,,,,,,,,,,,,,,,,,,,,,,,,,,,
v028-final-betterbench-standard/tool-schema-gate/raw/029.json,tool-schema-gate,unknown,,,,,,,,,,,,,,,,,,,,,,,,,,,,,,,,
v028-final-betterbench-standard/tool-schema-gate/raw/030.json,tool-schema-gate,unknown,,,,,,,,,,,,,,,,,,,,,,,,,,,,,,,,
v028-final-betterbench-standard/tool-schema-gate/raw/031.json,tool-schema-gate,unknown,,,,,,,,,,,,,,,,,,,,,,,,,,,,,,,,
v028-final-betterbench-standard/tool-schema-gate/raw/032.json,tool-schema-gate,unknown,,,,,,,,,,,,,,,,,,,,,,,,,,,,,,,,
v028-final-betterbench-standard/tool-schema-gate/raw/033.json,tool-schema-gate,unknown,,,,,,,,,,,,,,,,,,,,,,,,,,,,,,,,
v028-final-betterbench-standard/tool-schema-gate/raw/034.json,tool-schema-gate,unknown,,,,,,,,,,,,,,,,,,,,,,,,,,,,,,,,
v028-final-betterbench-standard/tool-schema-gate/raw/035.json,tool-schema-gate,unknown,,,,,,,,,,,,,,,,,,,,,,,,,,,,,,,,
v028-final-betterbench-standard/tool-schema-gate/raw/036.json,tool-schema-gate,unknown,,,,,,,,,,,,,,,,,,,,,,,,,,,,,,,,
v028-final-betterbench-standard/tool-schema-gate/raw/037.json,tool-schema-gate,unknown,,,,,,,,,,,,,,,,,,,,,,,,,,,,,,,,
v028-final-betterbench-standard/tool-schema-gate/raw/038.json,tool-schema-gate,unknown,,,,,,,,,,,,,,,,,,,,,,,,,,,,,,,,
v028-final-betterbench-standard/tool-schema-gate/raw/039.json,tool-schema-gate,unknown,,,,,,,,,,,,,,,,,,,,,,,,,,,,,,,,
v028-final-betterbench-standard/tool-schema-gate/raw/040.json,tool-schema-gate,unknown,,,,,,,,,,,,,,,,,,,,,,,,,,,,,,,,
v028-final-betterbench-standard/tool-schema-gate/raw/041.json,tool-schema-gate,unknown,,,,,,,,,,,,,,,,,,,,,,,,,,,,,,,,
v028-final-betterbench-standard/tool-schema-gate/raw/042.json,tool-schema-gate,unknown,,,,,,,,,,,,,,,,,,,,,,,,,,,,,,,,
v028-final-betterbench-standard/tool-schema-gate/raw/043.json,tool-schema-gate,unknown,,,,,,,,,,,,,,,,,,,,,,,,,,,,,,,,
v028-final-betterbench-standard/tool-schema-gate/raw/044.json,tool-schema-gate,unknown,,,,,,,,,,,,,,,,,,,,,,,,,,,,,,,,
v028-final-betterbench-standard/tool-schema-gate/raw/045.json,tool-schema-gate,unknown,,,,,,,,,,,,,,,,,,,,,,,,,,,,,,,,
v028-final-betterbench-standard/tool-schema-gate/raw/046.json,tool-schema-gate,unknown,,,,,,,,,,,,,,,,,,,,,,,,,,,,,,,,
v028-final-betterbench-standard/tool-schema-gate/raw/047.json,tool-schema-gate,unknown,,,,,,,,,,,,,,,,,,,,,,,,,,,,,,,,
v028-final-betterbench-standard/tool-schema-gate/raw/048.json,tool-schema-gate,unknown,,,,,,,,,,,,,,,,,,,,,,,,,,,,,,,,
v028-final-betterbench-standard/tool-schema-gate/raw/049.json,tool-schema-gate,unknown,,,,,,,,,,,,,,,,,,,,,,,,,,,,,,,,
v028-final-betterbench-standard/tool-schema-gate/raw/050.json,tool-schema-gate,unknown,,,,,,,,,,,,,,,,,,,,,,,,,,,,,,,,
v028-final-betterbench-standard/tool-schema-gate/raw/051.json,tool-schema-gate,unknown,,,,,,,,,,,,,,,,,,,,,,,,,,,,,,,,
v028-final-betterbench-standard/tool-schema-gate/raw/052.json,tool-schema-gate,unknown,,,,,,,,,,,,,,,,,,,,,,,,,,,,,,,,
v028-final-betterbench-standard/tool-schema-gate/raw/053.json,tool-schema-gate,unknown,,,,,,,,,,,,,,,,,,,,,,,,,,,,,,,,
v028-final-betterbench-standard/tool-schema-gate/raw/054.json,tool-schema-gate,unknown,,,,,,,,,,,,,,,,,,,,,,,,,,,,,,,,
v028-final-betterbench-standard/tool-schema-gate/raw/055.json,tool-schema-gate,unknown,,,,,,,,,,,,,,,,,,,,,,,,,,,,,,,,
v028-final-betterbench-standard/tool-schema-gate/raw/056.json,tool-schema-gate,unknown,,,,,,,,,,,,,,,,,,,,,,,,,,,,,,,,
v028-final-betterbench-standard/tool-schema-gate/raw/057.json,tool-schema-gate,unknown,,,,,,,,,,,,,,,,,,,,,,,,,,,,,,,,
v028-final-betterbench-standard/tool-schema-gate/raw/058.json,tool-schema-gate,unknown,,,,,,,,,,,,,,,,,,,,,,,,,,,,,,,,
v028-final-betterbench-standard/tool-schema-gate/raw/059.json,tool-schema-gate,unknown,,,,,,,,,,,,,,,,,,,,,,,,,,,,,,,,
v028-final-betterbench-standard/tool-schema-gate/raw/060.json,tool-schema-gate,unknown,,,,,,,,,,,,,,,,,,,,,,,,,,,,,,,,
v028-final-betterbench-standard/tool-schema-gate/raw/061.json,tool-schema-gate,unknown,,,,,,,,,,,,,,,,,,,,,,,,,,,,,,,,
v028-final-betterbench-standard/tool-schema-gate/raw/062.json,tool-schema-gate,unknown,,,,,,,,,,,,,,,,,,,,,,,,,,,,,,,,
v028-final-betterbench-standard/tool-schema-gate/raw/063.json,tool-schema-gate,unknown,,,,,,,,,,,,,,,,,,,,,,,,,,,,,,,,
v028-final-betterbench-standard/tool-schema-gate/raw/064.json,tool-schema-gate,unknown,,,,,,,,,,,,,,,,,,,,,,,,,,,,,,,,
v028-final-betterbench-standard/tool-schema-gate/raw/065.json,tool-schema-gate,unknown,,,,,,,,,,,,,,,,,,,,,,,,,,,,,,,,
v028-final-betterbench-standard/tool-schema-gate/raw/066.json,tool-schema-gate,unknown,,,,,,,,,,,,,,,,,,,,,,,,,,,,,,,,
v028-final-betterbench-standard/tool-schema-gate/raw/067.json,tool-schema-gate,unknown,,,,,,,,,,,,,,,,,,,,,,,,,,,,,,,,
v028-final-betterbench-standard/tool-schema-gate/raw/068.json,tool-schema-gate,unknown,,,,,,,,,,,,,,,,,,,,,,,,,,,,,,,,
v028-final-betterbench-standard/tool-schema-gate/raw/069.json,tool-schema-gate,unknown,,,,,,,,,,,,,,,,,,,,,,,,,,,,,,,,
v028-final-betterbench-standard/tool-schema-gate/raw/070.json,tool-schema-gate,unknown,,,,,,,,,,,,,,,,,,,,,,,,,,,,,,,,
v028-final-betterbench-standard/tool-schema-gate/raw/071.json,tool-schema-gate,unknown,,,,,,,,,,,,,,,,,,,,,,,,,,,,,,,,
v028-final-betterbench-standard/tool-schema-gate/raw/072.json,tool-schema-gate,unknown,,,,,,,,,,,,,,,,,,,,,,,,,,,,,,,,
v028-final-betterbench-standard/tool-schema-gate/raw/073.json,tool-schema-gate,unknown,,,,,,,,,,,,,,,,,,,,,,,,,,,,,,,,
v028-final-betterbench-standard/tool-schema-gate/raw/074.json,tool-schema-gate,unknown,,,,,,,,,,,,,,,,,,,,,,,,,,,,,,,,
v028-final-betterbench-standard/tool-schema-gate/raw/075.json,tool-schema-gate,unknown,,,,,,,,,,,,,,,,,,,,,,,,,,,,,,,,
v028-final-betterbench-standard/tool-schema-gate/raw/076.json,tool-schema-gate,unknown,,,,,,,,,,,,,,,,,,,,,,,,,,,,,,,,
v028-final-betterbench-standard/tool-schema-gate/raw/077.json,tool-schema-gate,unknown,,,,,,,,,,,,,,,,,,,,,,,,,,,,,,,,
v028-final-betterbench-standard/tool-schema-gate/raw/078.json,tool-schema-gate,unknown,,,,,,,,,,,,,,,,,,,,,,,,,,,,,,,,
v028-final-betterbench-standard/tool-schema-gate/raw/079.json,tool-schema-gate,unknown,,,,,,,,,,,,,,,,,,,,,,,,,,,,,,,,
v028-final-betterbench-standard/tool-schema-gate/raw/080.json,tool-schema-gate,unknown,,,,,,,,,,,,,,,,,,,,,,,,,,,,,,,,
v028-final-betterbench-standard/tool-schema-gate/raw/081.json,tool-schema-gate,unknown,,,,,,,,,,,,,,,,,,,,,,,,,,,,,,,,
v028-final-betterbench-standard/tool-schema-gate/raw/082.json,tool-schema-gate,unknown,,,,,,,,,,,,,,,,,,,,,,,,,,,,,,,,
v028-final-betterbench-standard/tool-schema-gate/raw/083.json,tool-schema-gate,unknown,,,,,,,,,,,,,,,,,,,,,,,,,,,,,,,,
v028-final-betterbench-standard/tool-schema-gate/raw/084.json,tool-schema-gate,unknown,,,,,,,,,,,,,,,,,,,,,,,,,,,,,,,,
v028-final-betterbench-standard/tool-schema-gate/raw/085.json,tool-schema-gate,unknown,,,,,,,,,,,,,,,,,,,,,,,,,,,,,,,,
v028-final-betterbench-standard/tool-schema-gate/raw/086.json,tool-schema-gate,unknown,,,,,,,,,,,,,,,,,,,,,,,,,,,,,,,,
v028-final-betterbench-standard/tool-schema-gate/raw/087.json,tool-schema-gate,unknown,,,,,,,,,,,,,,,,,,,,,,,,,,,,,,,,
v028-final-betterbench-standard/tool-schema-gate/raw/088.json,tool-schema-gate,unknown,,,,,,,,,,,,,,,,,,,,,,,,,,,,,,,,
v028-final-betterbench-standard/tool-schema-gate/raw/089.json,tool-schema-gate,unknown,,,,,,,,,,,,,,,,,,,,,,,,,,,,,,,,
v028-final-betterbench-standard/tool-schema-gate/raw/090.json,tool-schema-gate,unknown,,,,,,,,,,,,,,,,,,,,,,,,,,,,,,,,
v028-final-betterbench-standard/tool-schema-gate/raw/091.json,tool-schema-gate,unknown,,,,,,,,,,,,,,,,,,,,,,,,,,,,,,,,
v028-final-betterbench-standard/tool-schema-gate/raw/092.json,tool-schema-gate,unknown,,,,,,,,,,,,,,,,,,,,,,,,,,,,,,,,
v028-final-betterbench-standard/tool-schema-gate/raw/093.json,tool-schema-gate,unknown,,,,,,,,,,,,,,,,,,,,,,,,,,,,,,,,
v028-final-betterbench-standard/tool-schema-gate/raw/094.json,tool-schema-gate,unknown,,,,,,,,,,,,,,,,,,,,,,,,,,,,,,,,
v028-final-betterbench-standard/tool-schema-gate/raw/095.json,tool-schema-gate,unknown,,,,,,,,,,,,,,,,,,,,,,,,,,,,,,,,
v028-final-betterbench-standard/tool-schema-gate/raw/096.json,tool-schema-gate,unknown,,,,,,,,,,,,,,,,,,,,,,,,,,,,,,,,
v028-final-betterbench-standard/tool-schema-gate/raw/097.json,tool-schema-gate,unknown,,,,,,,,,,,,,,,,,,,,,,,,,,,,,,,,
v028-final-betterbench-standard/tool-schema-gate/raw/098.json,tool-schema-gate,unknown,,,,,,,,,,,,,,,,,,,,,,,,,,,,,,,,
v028-final-betterbench-standard/tool-schema-gate/raw/099.json,tool-schema-gate,unknown,,,,,,,,,,,,,,,,,,,,,,,,,,,,,,,,
v028-final-betterbench-standard/tool-schema-gate/raw/100.json,tool-schema-gate,unknown,,,,,,,,,,,,,,,,,,,,,,,,,,,,,,,,
v028-native-fp8-nonspec-smoke/raw/smoke_in128_out64_c1_r1.json,v028-native-fp8-nonspec-smoke,smoke,128,64,1,1,2,off,0,0,2,3.6055967500433326,2,0,0.5546932002243355,35.500364814357475,106.50109444307243,55.55546801770106,55.55546801770106,55.55546801770106,57.40615586517379,27.732409356671962,27.732409356671962,27.732409356671962,27.750346770968346,27.732414674357557,27.69911999348551,27.69911999348551,28.086238031391986,1802.6972574880347,1802.6972574880347,1805.6780024361797,,
